Name,Surname,Surname1,Surname2,account,Dni,Delegation,Departament,Enabled,Password,TurnPassDays,email,Computer,ChangePass,Schedule,EmailList
BASILIO,PUJOL GOMIS,PUJOL,GOMIS,BPUJOLG,12345685-H,Gandia,Enfermería,S,Caminas01,15,bgomisp@hgandia.san-gva.es,W7/10HFB-1,S,8AM -To 3PM,N
MIRIAM,JUAN VALENCIA,JUAN,VALENCIA,MJUANV,12345686-I,Gandia,Enfermería,S,Caminas01,15,mjuanv@hgandia.san-gva.es,W7/10HFB-2,S,8AM -To 3PM,N
IGNACIO,CHAVES VARGAS,CHAVES,VARGAS,ICHAVESV,12345687-J,Gandia,Enfermería,S,Caminas01,15,ichavesv@hgandia.san-gva.es,W7/10HFB-3,S,8AM -To 3PM,N
LAURA,ALBA ARIAS,ALBA,ARIAS,LALBAA,12345688-K,Gandia,Enfermería,S,Caminas01,15,lalbaa@hgandia.san-gva.es,W7/10HFB-4,S,8AM -To 3PM,N
JORGE,CARVALHO PELLICER,CARVALHO,PELLICER,JCARVALHOP,12345689-L,Gandia,Enfermería,S,Caminas01,15,jcarvalhop@hgandia.san-gva.es,W7/10HFB-5,S,8AM -To 3PM,N
ANTONIO,CAMPOS GALLEGO,CAMPOS,GALLEGO,ACAMPOSG,12345690-M,Gandia,Enfermería,S,Caminas01,15,acamposg@hgandia.san-gva.es,W7/10HFB-6,S,8AM -To 3PM,N
CLAUDIO,MONCHO AGUILAR,MONCHO,AGUILAR,CMONCHOA,12345691-N,Gandia,Enfermería,S,Caminas01,15,cmonchoa@hgandia.san-gva.es,W7/10HFB-7,S,8AM -To 3PM,N
PEPE,CHAVES CAMPOS,CHAVES,CAMPOS,PCHAVESC,12345692-O,Gandia,Enfermería,S,Caminas01,15,pchavesc@hgandia.san-gva.es,W7/10HFB-8,S,8AM -To 3PM,N
SARA,ALBA MONCHO,ALBA,MONCHO,SALBAM,12345693-P,Gandia,Enfermería,S,Caminas01,15,salbam@hgandia.san-gva.es,W7/10HFB-9,S,8AM -To 3PM,N
ISABEL,CARVALHO ALABAU,CARVALHO,ALABAU,ICARVALHOA,12345694-Q,Gandia,Enfermería,S,Caminas01,15,icarvalhoa@hgandia.san-gva.es,W7/10HFB-10,S,8AM -To 3PM,N
FRANCISCO,CAMPOS GOMIS,CAMPOS,GOMIS,FCAMPOSG,12345695-R,Gandia,Enfermería,S,Caminas01,15,fcamposg@hgandia.san-gva.es,W7/10HFB-11,S,8AM -To 3PM,N
BASILIO,MONCHO COELLO,MONCHO,COELLO,BMONCHOC,12345696-S,Gandia,Enfermería,S,Caminas01,15,bmonchoc@hgandia.san-gva.es,W7/10HFB-12,S,8AM -To 3PM,N
MIRIAM,JUAN PUJOL,JUAN,PUJOL,MJUANP,12345697-T,Gandia,Alergología,S,Caminas01,7,mjuanp@hgandia.san-gva.es,W7/10HFB-13,S,9AM -To 7PM,N
IGNACIO,CHAVES JUAN,CHAVES,JUAN,ICHAVESJ,12345698-U,Gandia,Alergología,S,Caminas01,7,ichavesj@hgandia.san-gva.es,W7/10HFB-14,S,9AM -To 7PM,N
LAURA,ALBA ALABAU,ALBA,ALABAU,LALBAA,12345699-V,Gandia,Alergología,S,Caminas01,7,lalbaa@hgandia.san-gva.es,W7/10HFB-15,S,9AM -To 7PM,N
JORGE,CARVALHO GOMIS,CARVALHO,GOMIS,JCARVALHOG,12345700-W,Gandia,Alergología,S,Caminas01,7,jcarvalhog@hgandia.san-gva.es,W7/10HFB-16,S,9AM -To 7PM,N
ANTONIO,ALABAU VALENCIA,ALABAU,VALENCIA,AALABAUV,12345701-X,Gandia,Alergología,S,Caminas01,7,aalabauv@hgandia.san-gva.es,W7/10HFB-17,S,9AM -To 7PM,N
CLAUDIO,GOMIS CAMPOS,GOMIS,CAMPOS,CGOMISC,12345702-Y,Gandia,Alergología,S,Caminas01,7,cgomisc@hgandia.san-gva.es,W7/10HFB-18,S,9AM -To 7PM,N
SUSANA,VALENCIA MONCHO,VALENCIA,MONCHO,SVALENCIAM,12345703-Z,Gandia,Informática,S,Caminas01,7,svalenciam@hgandia.san-gva.es,W7/10HFB-19,S,7AM -To 15PM,S
PEDRO,CHAVES ALABAU,CHAVES,ALABAU,PCHAVESA,12345704-A,Gandia,Informática,S,Caminas01,7,pchavesa@hgandia.san-gva.es,W7/10HFB-20,S,7AM -To 15PM,N
PIEDAD,ALBA GOMIS,ALBA,GOMIS,PALBAG,12345705-B,Gandia,Informática,S,Caminas01,7,palbag@hgandia.san-gva.es,W7/10HFB-19,S,3PM -To 11PM,N
MANUEL,CARVALHO VALENCIA,CARVALHO,VALENCIA,MCARVALHOV,12345706-C,Gandia,Informática,S,Caminas01,7,mcarvalhov@hgandia.san-gva.es,W7/10HFB-20,S,3PM -To 11PM,N
JAVIER,CAMPOS VARGAS,CAMPOS,VARGAS,JCAMPOSV,12345707-D,Gandia,Comunicación y prensa,S,Caminas01,15,jcamposv@hgandia.san-gva.es,UDHFB-1,S,9AM -To 3PM,N
EVA,MONCHO CARVALHO,MONCHO,CARVALHO,EMONCHOC,12345708-E,Gandia,Comunicación y prensa,S,Caminas01,15,emonchoc@hgandia.san-gva.es,UDHFB-2,S,9AM -To 3PM,N
RODRIGO,CHAVES CAMPOS,CHAVES,CAMPOS,RCHAVESC,12345709-F,Gandia,Comunicación y prensa,S,Caminas01,15,rchavesc@hgandia.san-gva.es,UDHFB-3,S,9AM -To 3PM,S
JOHANN,ALBA CHAVES,ALBA,CHAVES,JALBAC,12345710-G,Gandia,Comunicación y prensa,S,Caminas01,15,jalbac@hgandia.san-gva.es,UDHFB-4,S,9AM -To 3PM,N
BENITO,APARICIO ROJALES,APARICIO,ROJALES,BAPARICIOR,12345711-H,Gandia,Comunicación y prensa,S,Caminas01,15,baparicior@hgandia.san-gva.es,UDHFB-5,S,9AM -To 3PM,S